{
  "MLP": {
    "train_acc": 100.0,
    "test_acc": 98.10606060606061,
    "train_history": [
      53.083333333333336,
      99.20833333333333,
      100.0,
      100.0,
      100.0,
      100.0,
      100.0
    ],
    "epochs": [
      1,
      5,
      10,
      15,
      20,
      25,
      30
    ]
  },
  "LeNet": {
    "train_acc": 100.0,
    "test_acc": 97.34848484848484,
    "train_history": [
      58.08333333333333,
      98.4375,
      100.0,
      100.0,
      100.0,
      100.0,
      100.0
    ],
    "epochs": [
      1,
      5,
      10,
      15,
      20,
      25,
      30
    ]
  },
  "RNN": {
    "train_acc": 94.97916666666666,
    "test_acc": 85.22727272727273,
    "train_history": [
      47.5,
      81.91666666666666,
      90.47916666666667,
      94.58333333333333,
      97.64583333333333,
      92.8125,
      95.97916666666666,
      98.75,
      95.875,
      92.04166666666667,
      94.97916666666666
    ],
    "epochs": [
      1,
      5,
      10,
      15,
      20,
      25,
      30,
      40,
      50,
      60,
      70
    ]
  },
  "BiLSTM": {
    "train_acc": 99.79166666666667,
    "test_acc": 100.0,
    "train_history": [
      53.91666666666667,
      94.41666666666666,
      98.27083333333333,
      99.6875,
      99.27083333333333,
      99.89583333333333,
      99.79166666666667
    ],
    "epochs": [
      1,
      5,
      10,
      15,
      20,
      25,
      30
    ]
  },
  "CNN+GRU": {
    "train_acc": 100.0,
    "test_acc": 99.62121212121212,
    "train_history": [
      19.416666666666668,
      38.395833333333336,
      48.395833333333336,
      69.64583333333334,
      83.97916666666667,
      90.54166666666667,
      67.66666666666666,
      59.62499999999999,
      79.77083333333333,
      96.66666666666667,
      98.58333333333333,
      99.27083333333333,
      97.02083333333333,
      100.0
    ],
    "epochs": [
      1,
      5,
      10,
      15,
      20,
      25,
      30,
      40,
      50,
      60,
      70,
      80,
      90,
      100
    ]
  }
}